Nhom san pham,Thai Chau (thaichau.vn),Hung Phu (bactham.vn),Aritex (aritex.com.vn)
Vai KDT khong det,"APT 7-80kN/m
100% PP, xuyen kim
Cong nghe Han Quoc
Nha san xuat","ART 7-28kN/m
Pho thong & Loai D
Hang phan phoi","ART 7-28kN/m
Pho thong, Loai D, Theo thiet ke
Nha san xau dau tien & lon nhat VN"
Vai KDT det,"DML
100% Polyester
Day chuyen tu dong
Nha san xuat","GET 10-300 kN/m
PP/PET
Hang phan phoi","GET 10-300 kN/m
PP/PET
Nha san xuat"
Mang chong tham HDPE,"0.3-3.0mm
>0.94g/cm3
Nha san xuat","HSE 0.3-2.0mm
Thuong hieu Aritex
Dai ly cap 1, kho Long An","HSE 0.3-2.0mm
Nha san xau dau tien & lon nhat VN
Kho rong 8m"
Bac tham,"VID/RID
Dung & Ngang
Nha san xuat
Do sau >40m","Bac tham dung & ngang
Cung cap dich vu","VID 75, RID 75, RID 4.0
VID 4.5, RID 200, RID 300
Nha san xuat"
Mang chong tham set (GCL),"APT GCL
Xuyen kim
Nha san xuat
Tham 10-100 lan dat set",Khong co thong tin,"ART 3000/4000/4700
3 lop: vai + Bentonite + vai
Nha san xuat"
Luoi dia ky thuat,"PP, PET, Thuy tinh
Don truc, da truc
Nha san xuat",Khong co thong tin,"Don truc, hai truc, cot soi
Gia co nen, mai doc"
O dia ky thuat (Geocell),"HDPE han nhiet
Gia co mai doc
Nha san xuat",Khong co thong tin,"Acel - HDPE
Carbon den >=1.5%
Ti trong >=0.94"
Ro da / Tham da,Khong co thong tin,"Gabion
Mat luoi 6-12cm
Ma kem / PVC
Nha san xuat (120 Tan/thang)",Khong co thong tin
Ong dia ky thuat (Geotube),"PET/PP cuong luc cao
Khang nuoc bien, UV
Nha san xuat",Khong co thong tin,"50x11.2m (ong)
10x4.4m (tui)
ISO 9001"
Vi nhua thoat nuoc,Khong co thong tin,"VersiCell
Giai phap thoat nuoc
San vuon, mai xanh",Khong co thong tin
Tui vai trong cay,Khong co thong tin,"T80 / T20-T60
Co quai xach
Combo 20 cai",Khong co thong tin
Vai khong det PET Spunbond,"PET Spunbond
100% polyester nguyen sinh
Dau tien VN san xuat
Chiu nhiet >180 do C",Khong co thong tin,Khong co thong tin
